{
  "execPath": "/Users/gyp/.platformio/packages/toolchain-xtensa32/bin/xtensa-esp32-elf-g++",
  "gccDefaultCFlags": "-fsyntax-only -std=gnu99 -Wno-old-style-declaration -Os -Wall -nostdlib -Wpointer-arith -Wno-error=unused-but-set-variable -Wno-error=unused-variable -mlongcalls -ffunction-sections -fdata-sections -fstrict-volatile-bitfields -Wno-error=deprecated-declarations -Wno-error=unused-function -Wno-unused-parameter -Wno-sign-compare -fstack-protector -fexceptions -DPLATFORMIO=30607 -DARDUINO_NodeMCU_32S -DESP32 -DESP_PLATFORM -DF_CPU=240000000L -DHAVE_CONFIG_H -DMBEDTLS_CONFIG_FILE=\"mbedtls/esp_config.h\" -DARDUINO=10805 -DARDUINO_ARCH_ESP32 -DARDUINO_VARIANT=\"nodemcu-32s\" -DARDUINO_BOARD=\"NodeMCU-32S\"",
  "gccDefaultCppFlags": "-fsyntax-only -fno-rtti -fno-exceptions -std=gnu++11 -Os -Wall -nostdlib -Wpointer-arith -Wno-error=unused-but-set-variable -Wno-error=unused-variable -mlongcalls -ffunction-sections -fdata-sections -fstrict-volatile-bitfields -Wno-error=deprecated-declarations -Wno-error=unused-function -Wno-unused-parameter -Wno-sign-compare -fstack-protector -fexceptions -DPLATFORMIO=30607 -DARDUINO_NodeMCU_32S -DESP32 -DESP_PLATFORM -DF_CPU=240000000L -DHAVE_CONFIG_H -DMBEDTLS_CONFIG_FILE=\"mbedtls/esp_config.h\" -DARDUINO=10805 -DARDUINO_ARCH_ESP32 -DARDUINO_VARIANT=\"nodemcu-32s\" -DARDUINO_BOARD=\"NodeMCU-32S\"",
  "gccErrorLimit": 15,
  "gccIncludePaths": "/Users/gyp/.platformio/packages/framework-arduinoespressif32/tools/sdk/include/config,/Users/gyp/.platformio/packages/framework-arduinoespressif32/tools/sdk/include/app_trace,/Users/gyp/.platformio/packages/framework-arduinoespressif32/tools/sdk/include/app_update,/Users/gyp/.platformio/packages/framework-arduinoespressif32/tools/sdk/include/asio,/Users/gyp/.platformio/packages/framework-arduinoespressif32/tools/sdk/include/bootloader_support,/Users/gyp/.platformio/packages/framework-arduinoespressif32/tools/sdk/include/bt,/Users/gyp/.platformio/packages/framework-arduinoespressif32/tools/sdk/include/coap,/Users/gyp/.platformio/packages/framework-arduinoespressif32/tools/sdk/include/console,/Users/gyp/.platformio/packages/framework-arduinoespressif32/tools/sdk/include/driver,/Users/gyp/.platformio/packages/framework-arduinoespressif32/tools/sdk/include/esp-tls,/Users/gyp/.platformio/packages/framework-arduinoespressif32/tools/sdk/include/esp32,/Users/gyp/.platformio/packages/framework-arduinoespressif32/tools/sdk/include/esp_adc_cal,/Users/gyp/.platformio/packages/framework-arduinoespressif32/tools/sdk/include/esp_event,/Users/gyp/.platformio/packages/framework-arduinoespressif32/tools/sdk/include/esp_http_client,/Users/gyp/.platformio/packages/framework-arduinoespressif32/tools/sdk/include/esp_http_server,/Users/gyp/.platformio/packages/framework-arduinoespressif32/tools/sdk/include/esp_https_ota,/Users/gyp/.platformio/packages/framework-arduinoespressif32/tools/sdk/include/esp_ringbuf,/Users/gyp/.platformio/packages/framework-arduinoespressif32/tools/sdk/include/ethernet,/Users/gyp/.platformio/packages/framework-arduinoespressif32/tools/sdk/include/expat,/Users/gyp/.platformio/packages/framework-arduinoespressif32/tools/sdk/include/fatfs,/Users/gyp/.platformio/packages/framework-arduinoespressif32/tools/sdk/include/freemodbus,/Users/gyp/.platformio/packages/framework-arduinoespressif32/tools/sdk/include/freertos,/Users/gyp/.platformio/packages/framework-arduinoespressif32/tools/sdk/include/heap,/Users/gyp/.platformio/packages/framework-arduinoespressif32/tools/sdk/include/idf_test,/Users/gyp/.platformio/packages/framework-arduinoespressif32/tools/sdk/include/jsmn,/Users/gyp/.platformio/packages/framework-arduinoespressif32/tools/sdk/include/json,/Users/gyp/.platformio/packages/framework-arduinoespressif32/tools/sdk/include/libsodium,/Users/gyp/.platformio/packages/framework-arduinoespressif32/tools/sdk/include/log,/Users/gyp/.platformio/packages/framework-arduinoespressif32/tools/sdk/include/lwip,/Users/gyp/.platformio/packages/framework-arduinoespressif32/tools/sdk/include/mbedtls,/Users/gyp/.platformio/packages/framework-arduinoespressif32/tools/sdk/include/mdns,/Users/gyp/.platformio/packages/framework-arduinoespressif32/tools/sdk/include/micro-ecc,/Users/gyp/.platformio/packages/framework-arduinoespressif32/tools/sdk/include/mqtt,/Users/gyp/.platformio/packages/framework-arduinoespressif32/tools/sdk/include/newlib,/Users/gyp/.platformio/packages/framework-arduinoespressif32/tools/sdk/include/nghttp,/Users/gyp/.platformio/packages/framework-arduinoespressif32/tools/sdk/include/nvs_flash,/Users/gyp/.platformio/packages/framework-arduinoespressif32/tools/sdk/include/openssl,/Users/gyp/.platformio/packages/framework-arduinoespressif32/tools/sdk/include/protobuf-c,/Users/gyp/.platformio/packages/framework-arduinoespressif32/tools/sdk/include/protocomm,/Users/gyp/.platformio/packages/framework-arduinoespressif32/tools/sdk/include/pthread,/Users/gyp/.platformio/packages/framework-arduinoespressif32/tools/sdk/include/sdmmc,/Users/gyp/.platformio/packages/framework-arduinoespressif32/tools/sdk/include/smartconfig_ack,/Users/gyp/.platformio/packages/framework-arduinoespressif32/tools/sdk/include/soc,/Users/gyp/.platformio/packages/framework-arduinoespressif32/tools/sdk/include/spi_flash,/Users/gyp/.platformio/packages/framework-arduinoespressif32/tools/sdk/include/spiffs,/Users/gyp/.platformio/packages/framework-arduinoespressif32/tools/sdk/include/tcp_transport,/Users/gyp/.platformio/packages/framework-arduinoespressif32/tools/sdk/include/tcpip_adapter,/Users/gyp/.platformio/packages/framework-arduinoespressif32/tools/sdk/include/ulp,/Users/gyp/.platformio/packages/framework-arduinoespressif32/tools/sdk/include/vfs,/Users/gyp/.platformio/packages/framework-arduinoespressif32/tools/sdk/include/wear_levelling,/Users/gyp/.platformio/packages/framework-arduinoespressif32/tools/sdk/include/wifi_provisioning,/Users/gyp/.platformio/packages/framework-arduinoespressif32/tools/sdk/include/wpa_supplicant,/Users/gyp/.platformio/packages/framework-arduinoespressif32/tools/sdk/include/xtensa-debug-module,/Users/gyp/.platformio/packages/framework-arduinoespressif32/tools/sdk/include/esp32-camera,/Users/gyp/.platformio/packages/framework-arduinoespressif32/tools/sdk/include/esp-face,/Users/gyp/.platformio/packages/framework-arduinoespressif32/tools/sdk/include/fb_gfx,/Users/gyp/.platformio/packages/framework-arduinoespressif32/cores/esp32,/Users/gyp/.platformio/packages/framework-arduinoespressif32/variants/nodemcu-32s,/Users/gyp/Documents/curso_iot/access_control2/lib/Adafruit_GFX_Library,/Users/gyp/Documents/curso_iot/access_control2/lib/Adafruit_ILI9341,/Users/gyp/.platformio/lib/PubSubClient_ID89/src,/Users/gyp/.platformio/packages/framework-arduinoespressif32/libraries/SPI/src,/Users/gyp/.platformio/packages/framework-arduinoespressif32/libraries/WiFi/src,/Users/gyp/Documents/curso_iot/access_control2/lib/MFRC522/src,/Users/gyp/.platformio/packages/framework-arduinoespressif32/libraries/ArduinoOTA/src,/Users/gyp/.platformio/packages/framework-arduinoespressif32/libraries/AsyncUDP/src,/Users/gyp/.platformio/packages/framework-arduinoespressif32/libraries/AzureIoT/src,/Users/gyp/.platformio/packages/framework-arduinoespressif32/libraries/BLE/src,/Users/gyp/.platformio/packages/framework-arduinoespressif32/libraries/BluetoothSerial/src,/Users/gyp/.platformio/packages/framework-arduinoespressif32/libraries/DNSServer/src,/Users/gyp/.platformio/packages/framework-arduinoespressif32/libraries/EEPROM/src,/Users/gyp/.platformio/packages/framework-arduinoespressif32/libraries/ESP32/src,/Users/gyp/.platformio/packages/framework-arduinoespressif32/libraries/ESPmDNS/src,/Users/gyp/.platformio/packages/framework-arduinoespressif32/libraries/FFat/src,/Users/gyp/.platformio/packages/framework-arduinoespressif32/libraries/FS/src,/Users/gyp/.platformio/packages/framework-arduinoespressif32/libraries/HTTPClient/src,/Users/gyp/.platformio/packages/framework-arduinoespressif32/libraries/HTTPUpdate/src,/Users/gyp/.platformio/packages/framework-arduinoespressif32/libraries/NetBIOS/src,/Users/gyp/.platformio/packages/framework-arduinoespressif32/libraries/Preferences/src,/Users/gyp/.platformio/packages/framework-arduinoespressif32/libraries/SD/src,/Users/gyp/.platformio/packages/framework-arduinoespressif32/libraries/SD_MMC/src,/Users/gyp/.platformio/packages/framework-arduinoespressif32/libraries/SPIFFS/src,/Users/gyp/.platformio/packages/framework-arduinoespressif32/libraries/SimpleBLE/src,/Users/gyp/.platformio/packages/framework-arduinoespressif32/libraries/Ticker/src,/Users/gyp/.platformio/packages/framework-arduinoespressif32/libraries/Update/src,/Users/gyp/.platformio/packages/framework-arduinoespressif32/libraries/WebServer/src,/Users/gyp/.platformio/packages/framework-arduinoespressif32/libraries/WiFiClientSecure/src,/Users/gyp/.platformio/packages/framework-arduinoespressif32/libraries/Wire/src,/Users/gyp/.platformio/packages/toolchain-xtensa32/xtensa-esp32-elf/include,/Users/gyp/.platformio/packages/toolchain-xtensa32/xtensa-esp32-elf/include/c++/5.2.0,/Users/gyp/.platformio/packages/toolchain-xtensa32/xtensa-esp32-elf/include/c++/5.2.0/xtensa-esp32-elf,/Users/gyp/.platformio/packages/toolchain-xtensa32/lib/gcc/xtensa-esp32-elf/5.2.0/include,/Users/gyp/.platformio/packages/toolchain-xtensa32/lib/gcc/xtensa-esp32-elf/5.2.0/include-fixed,/Users/gyp/.platformio/packages/tool-unity,/Users/gyp/Documents/curso_iot/access_control2/include,/Users/gyp/Documents/curso_iot/access_control2/src",
  "gccSuppressWarnings": false
}
